{"properties":{"connectionReferences":{"shared_commondataservice":{"runtimeSource":"embedded","connection":{},"api":{"name":"shared_commondataservice"}},"shared_teams":{"runtimeSource":"embedded","connection":{},"api":{"name":"shared_teams"}}},"definition":{"$schema":"https://schema.management.azure.com/providers/Microsoft.Logic/schemas/2016-06-01/workflowdefinition.json#","contentVersion":"1.0.0.0","parameters":{"$connections":{"defaultValue":{},"type":"Object"},"$authentication":{"defaultValue":{},"type":"SecureObject"}},"triggers":{"When_a_new_channel_message_is_added":{"recurrence":{"frequency":"Minute","interval":1},"splitOn":"@triggerBody()","metadata":{"flowSystemMetadata":{"swaggerOperationId":"OnNewChannelMessage"}},"type":"ApiConnection","inputs":{"host":{"connection":{"name":"@parameters('$connections')['shared_teams']['connectionId']"}},"method":"get","path":"/trigger/beta/teams/@{encodeURIComponent('4b7bd4c5-9114-41df-b18b-f82e6fd5ed9d')}/channels/@{encodeURIComponent('19:06d7a3c5d1964a57862a10975d65770a@thread.skype')}/messages","queries":{"$top":50},"authentication":"@parameters('$authentication')"}}},"actions":{"Create_a_new_record":{"runAfter":{},"metadata":{"flowSystemMetadata":{"swaggerOperationId":"PostItem_V2"}},"type":"ApiConnection","inputs":{"host":{"connection":{"name":"@parameters('$connections')['shared_commondataservice']['connectionId']"}},"method":"post","body":{"top_message":"@triggerBody()?['body']?['content']","top_source":"Teams"},"path":"/v2/datasets/@{encodeURIComponent(encodeURIComponent('default.cds'))}/tables/@{encodeURIComponent(encodeURIComponent('top_splitflapfeeds'))}/items","authentication":"@parameters('$authentication')"}}}}},"schemaVersion":"1.0.0.0"}